SET FOREIGN_KEY_CHECKS=0;

-- ----------------------------
-- Table structure for sms_coupon
-- ----------------------------
DROP TABLE IF EXISTS `sms_coupon`;
CREATE TABLE `sms_coupon` (
  `id` bigint(20) NOT NULL AUTO_INCREMENT,
  `type` int(1) DEFAULT NULL COMMENT '优惠券类型；0->全场赠券；1->会员赠券；2->购物赠券；3->注册赠券',
  `name` varchar(100) DEFAULT NULL,
  `platform` int(1) DEFAULT NULL COMMENT '使用平台：0->全部；1->移动；2->PC',
  `count` int(11) DEFAULT NULL COMMENT '数量',
  `amount` decimal(10,2) DEFAULT NULL COMMENT '金额',
  `per_limit` int(11) DEFAULT NULL COMMENT '每人限领张数',
  `min_point` decimal(10,2) DEFAULT NULL COMMENT '使用门槛；0表示无门槛',
  `start_time` datetime DEFAULT NULL,
  `end_time` datetime DEFAULT NULL,
  `use_type` int(1) DEFAULT NULL COMMENT '使用类型：0->全场通用；1->指定分类；2->指定商品',
  `note` varchar(200) DEFAULT NULL COMMENT '备注',
  `publish_count` int(11) DEFAULT NULL COMMENT '发行数量',
  `use_count` int(11) DEFAULT NULL COMMENT '已使用数量',
  `receive_count` int(11) DEFAULT NULL COMMENT '领取数量',
  `enable_time` datetime DEFAULT NULL COMMENT '可以领取的日期',
  `code` varchar(64) DEFAULT NULL COMMENT '优惠码',
  `member_level` int(1) DEFAULT NULL COMMENT '可领取的会员类型：0->无限时',
  PRIMARY KEY (`id`)
) ENGINE=InnoDB AUTO_INCREMENT=24 DEFAULT CHARSET=utf8 COMMENT='优惠券表';

-- ----------------------------
-- Records of sms_coupon
-- ----------------------------
INSERT INTO `sms_coupon` VALUES ('2', '0', '全品类通用券', '0', '92', '10.00', '1', '100.00', '2018-08-27 16:40:47', '2018-11-23 16:40:47', '0', '满100减10', '100', '0', '8', '2018-08-27 16:40:47', null, null);
INSERT INTO `sms_coupon` VALUES ('3', '0', '小米手机专用券', '0', '92', '50.00', '1', '1000.00', '2018-08-27 16:40:47', '2018-11-16 16:40:47', '2', '小米手机专用优惠券', '100', '0', '8', '2018-08-27 16:40:47', null, null);
INSERT INTO `sms_coupon` VALUES ('4', '0', '手机品类专用券', '0', '92', '300.00', '1', '2000.00', '2018-08-27 16:40:47', '2018-09-15 16:40:47', '1', '手机分类专用优惠券', '100', '0', '8', '2018-08-27 16:40:47', null, null);
INSERT INTO `sms_coupon` VALUES ('7', '0', 'T恤分类专用优惠券', '0', '93', '50.00', '1', '500.00', '2018-08-27 16:40:47', '2018-08-15 16:40:47', '1', '满500减50', '100', '0', '7', '2018-08-27 16:40:47', null, null);
INSERT INTO `sms_coupon` VALUES ('8', '0', '新优惠券', '0', '100', '100.00', '1', '1000.00', '2018-11-08 00:00:00', '2018-11-27 00:00:00', '0', '测试', '100', '0', '1', null, null, null);
INSERT INTO `sms_coupon` VALUES ('9', '0', '全品类通用券', '0', '100', '5.00', '1', '100.00', '2018-11-08 00:00:00', '2018-11-10 00:00:00', '0', null, '100', '0', '1', null, null, null);
INSERT INTO `sms_coupon` VALUES ('10', '0', '全品类通用券', '0', '100', '15.00', '1', '200.00', '2018-11-08 00:00:00', '2018-11-10 00:00:00', '0', null, '100', '0', '1', null, null, null);
INSERT INTO `sms_coupon` VALUES ('11', '0', '全品类通用券', '0', '1000', '50.00', '1', '1000.00', '2018-11-08 00:00:00', '2018-11-10 00:00:00', '0', null, '1000', '0', '0', null, null, null);
INSERT INTO `sms_coupon` VALUES ('12', '0', '移动端全品类通用券', '1', '1', '10.00', '1', '100.00', '2018-11-08 00:00:00', '2018-11-10 00:00:00', '0', null, '100', '0', '0', null, null, null);
INSERT INTO `sms_coupon` VALUES ('19', '0', '手机分类专用', '0', '100', '100.00', '1', '1000.00', '2018-11-09 00:00:00', '2018-11-17 00:00:00', '1', '手机分类专用', '100', '0', '0', null, null, null);
INSERT INTO `sms_coupon` VALUES ('20', '0', '小米手机专用', '0', '100', '200.00', '1', '1000.00', '2018-11-09 00:00:00', '2018-11-24 00:00:00', '2', '小米手机专用', '100', '0', '0', null, null, null);
INSERT INTO `sms_coupon` VALUES ('21', '0', 'xxx', '0', '100', '10.00', '1', '100.00', '2018-11-09 00:00:00', '2018-11-30 00:00:00', '2', null, '100', '0', '0', null, null, null);
INSERT INTO `sms_coupon` VALUES ('22', '0', 'string', '0', '0', '0.00', '0', '0.00', '2019-08-18 15:36:11', '2019-08-18 15:36:11', '0', 'string', '0', '0', '0', '2019-08-18 15:36:11', 'string', '0');
INSERT INTO `sms_coupon` VALUES ('23', '0', '有效期测试', '0', '100', '10.00', '1', '100.00', '2019-10-05 00:00:00', '2019-10-09 00:00:00', '0', null, '100', '0', '0', null, null, null);

-- ----------------------------
-- Table structure for sms_coupon_history
-- ----------------------------
DROP TABLE IF EXISTS `sms_coupon_history`;
CREATE TABLE `sms_coupon_history` (
  `id` bigint(20) NOT NULL AUTO_INCREMENT,
  `coupon_id` bigint(20) DEFAULT NULL,
  `member_id` bigint(20) DEFAULT NULL,
  `coupon_code` varchar(64) DEFAULT NULL,
  `member_nickname` varchar(64) DEFAULT NULL COMMENT '领取人昵称',
  `get_type` int(1) DEFAULT NULL COMMENT '获取类型：0->后台赠送；1->主动获取',
  `create_time` datetime DEFAULT NULL,
  `use_status` int(1) DEFAULT NULL COMMENT '使用状态：0->未使用；1->已使用；2->已过期',
  `use_time` datetime DEFAULT NULL COMMENT '使用时间',
  `order_id` bigint(20) DEFAULT NULL COMMENT '订单编号',
  `order_sn` varchar(100) DEFAULT NULL COMMENT '订单号码',
  PRIMARY KEY (`id`),
  KEY `idx_member_id` (`member_id`) USING BTREE,
  KEY `idx_coupon_id` (`coupon_id`)
) ENGINE=InnoDB AUTO_INCREMENT=33 DEFAULT CHARSET=utf8 COMMENT='优惠券使用、领取历史表';

-- ----------------------------
-- Records of sms_coupon_history
-- ----------------------------
INSERT INTO `sms_coupon_history` VALUES ('2', '2', '1', '4931048380330002', 'windir', '1', '2018-08-29 14:04:12', '1', '2018-11-12 14:38:47', '12', '201809150101000001');
INSERT INTO `sms_coupon_history` VALUES ('3', '3', '1', '4931048380330003', 'windir', '1', '2018-08-29 14:04:29', '0', null, null, null);
INSERT INTO `sms_coupon_history` VALUES ('4', '4', '1', '4931048380330004', 'windir', '1', '2018-08-29 14:04:32', '0', null, null, null);
INSERT INTO `sms_coupon_history` VALUES ('11', '7', '1', '4931048380330001', 'windir', '1', '2018-09-04 16:21:50', '0', null, null, null);
INSERT INTO `sms_coupon_history` VALUES ('12', '2', '4', '0340981248320004', 'zhensan', '1', '2018-11-12 14:16:50', '0', null, null, null);
INSERT INTO `sms_coupon_history` VALUES ('13', '3', '4', '0342977234360004', 'zhensan', '1', '2018-11-12 14:17:10', '0', null, null, null);
INSERT INTO `sms_coupon_history` VALUES ('14', '4', '4', '0343342928830004', 'zhensan', '1', '2018-11-12 14:17:13', '0', null, null, null);
INSERT INTO `sms_coupon_history` VALUES ('15', '2', '5', '0351883832180005', 'lisi', '1', '2018-11-12 14:18:39', '0', null, null, null);
INSERT INTO `sms_coupon_history` VALUES ('16', '3', '5', '0352201672680005', 'lisi', '1', '2018-11-12 14:18:42', '0', null, null, null);
INSERT INTO `sms_coupon_history` VALUES ('17', '4', '5', '0352505810180005', 'lisi', '1', '2018-11-12 14:18:45', '0', null, null, null);
INSERT INTO `sms_coupon_history` VALUES ('18', '2', '6', '0356114588380006', 'wangwu', '1', '2018-11-12 14:19:21', '0', null, null, null);
INSERT INTO `sms_coupon_history` VALUES ('19', '3', '6', '0356382856920006', 'wangwu', '1', '2018-11-12 14:19:24', '0', null, null, null);
INSERT INTO `sms_coupon_history` VALUES ('20', '4', '6', '0356656798470006', 'wangwu', '1', '2018-11-12 14:19:27', '0', null, null, null);
INSERT INTO `sms_coupon_history` VALUES ('21', '2', '3', '0363644984620003', 'windy', '1', '2018-11-12 14:20:36', '0', null, null, null);
INSERT INTO `sms_coupon_history` VALUES ('22', '3', '3', '0363932820300003', 'windy', '1', '2018-11-12 14:20:39', '0', null, null, null);
INSERT INTO `sms_coupon_history` VALUES ('23', '4', '3', '0364238275840003', 'windy', '1', '2018-11-12 14:20:42', '0', null, null, null);
INSERT INTO `sms_coupon_history` VALUES ('24', '2', '7', '0385034833070007', 'lion', '1', '2018-11-12 14:24:10', '0', null, null, null);
INSERT INTO `sms_coupon_history` VALUES ('25', '3', '7', '0385350208650007', 'lion', '1', '2018-11-12 14:24:13', '0', null, null, null);
INSERT INTO `sms_coupon_history` VALUES ('26', '4', '7', '0385632733900007', 'lion', '1', '2018-11-12 14:24:16', '0', null, null, null);
INSERT INTO `sms_coupon_history` VALUES ('27', '2', '8', '0388779132990008', 'shari', '1', '2018-11-12 14:24:48', '0', null, null, null);
INSERT INTO `sms_coupon_history` VALUES ('28', '3', '8', '0388943658810008', 'shari', '1', '2018-11-12 14:24:49', '0', null, null, null);
INSERT INTO `sms_coupon_history` VALUES ('29', '4', '8', '0389069398320008', 'shari', '1', '2018-11-12 14:24:51', '0', null, null, null);
INSERT INTO `sms_coupon_history` VALUES ('30', '2', '9', '0390753935250009', 'aewen', '1', '2018-11-12 14:25:08', '0', null, null, null);
INSERT INTO `sms_coupon_history` VALUES ('31', '3', '9', '0390882954470009', 'aewen', '1', '2018-11-12 14:25:09', '0', null, null, null);
INSERT INTO `sms_coupon_history` VALUES ('32', '4', '9', '0391025542810009', 'aewen', '1', '2018-11-12 14:25:10', '0', null, null, null);

-- ----------------------------
-- Table structure for sms_coupon_product_category_relation
-- ----------------------------
DROP TABLE IF EXISTS `sms_coupon_product_category_relation`;
CREATE TABLE `sms_coupon_product_category_relation` (
  `id` bigint(20) NOT NULL AUTO_INCREMENT,
  `coupon_id` bigint(20) DEFAULT NULL,
  `product_category_id` bigint(20) DEFAULT NULL,
  `product_category_name` varchar(200) DEFAULT NULL COMMENT '产品分类名称',
  `parent_category_name` varchar(200) DEFAULT NULL COMMENT '父分类名称',
  PRIMARY KEY (`id`)
) ENGINE=InnoDB AUTO_INCREMENT=5 DEFAULT CHARSET=utf8 COMMENT='优惠券和产品分类关系表';

-- ----------------------------
-- Records of sms_coupon_product_category_relation
-- ----------------------------
INSERT INTO `sms_coupon_product_category_relation` VALUES ('4', '19', '30', '手机配件', '手机数码');

-- ----------------------------
-- Table structure for sms_coupon_product_relation
-- ----------------------------
DROP TABLE IF EXISTS `sms_coupon_product_relation`;
CREATE TABLE `sms_coupon_product_relation` (
  `id` bigint(20) NOT NULL AUTO_INCREMENT,
  `coupon_id` bigint(20) DEFAULT NULL,
  `product_id` bigint(20) DEFAULT NULL,
  `product_name` varchar(500) DEFAULT NULL COMMENT '商品名称',
  `product_sn` varchar(200) DEFAULT NULL COMMENT '商品编码',
  PRIMARY KEY (`id`)
) ENGINE=InnoDB AUTO_INCREMENT=10 DEFAULT CHARSET=utf8 COMMENT='优惠券和产品的关系表';

-- ----------------------------
-- Records of sms_coupon_product_relation
-- ----------------------------
INSERT INTO `sms_coupon_product_relation` VALUES ('9', '21', '33', '小米（MI）小米电视4A ', '4609652');

-- ----------------------------
-- Table structure for sms_flash_promotion
-- ----------------------------
DROP TABLE IF EXISTS `sms_flash_promotion`;
CREATE TABLE `sms_flash_promotion` (
  `id` bigint(20) NOT NULL AUTO_INCREMENT,
  `title` varchar(200) DEFAULT NULL,
  `start_date` date DEFAULT NULL COMMENT '开始日期',
  `end_date` date DEFAULT NULL COMMENT '结束日期',
  `status` int(1) DEFAULT NULL COMMENT '上下线状态',
  `create_time` datetime DEFAULT NULL COMMENT '秒杀时间段名称',
  PRIMARY KEY (`id`)
) ENGINE=InnoDB AUTO_INCREMENT=14 DEFAULT CHARSET=utf8 COMMENT='限时购表';

-- ----------------------------
-- Records of sms_flash_promotion
-- ----------------------------
INSERT INTO `sms_flash_promotion` VALUES ('2', '春季家电家具疯狂秒杀1', '2018-11-12', '2018-11-23', '1', '2018-11-16 11:12:13');
INSERT INTO `sms_flash_promotion` VALUES ('3', '手机特卖', '2018-11-03', '2018-11-10', '1', '2018-11-16 11:11:31');
INSERT INTO `sms_flash_promotion` VALUES ('4', '春季家电家具疯狂秒杀3', '2018-11-24', '2018-11-25', '1', '2018-11-16 11:12:19');
INSERT INTO `sms_flash_promotion` VALUES ('5', '春季家电家具疯狂秒杀4', '2018-11-16', '2018-11-16', '1', '2018-11-16 11:12:24');
INSERT INTO `sms_flash_promotion` VALUES ('6', '春季家电家具疯狂秒杀5', '2018-11-16', '2018-11-16', '1', '2018-11-16 11:12:31');
INSERT INTO `sms_flash_promotion` VALUES ('7', '春季家电家具疯狂秒杀6', '2018-11-16', '2018-11-16', '1', '2018-11-16 11:12:35');
INSERT INTO `sms_flash_promotion` VALUES ('8', '春季家电家具疯狂秒杀7', '2018-11-16', '2018-11-16', '0', '2018-11-16 11:12:39');
INSERT INTO `sms_flash_promotion` VALUES ('9', '春季家电家具疯狂秒杀8', '2018-11-16', '2018-11-16', '0', '2018-11-16 11:12:42');
INSERT INTO `sms_flash_promotion` VALUES ('13', '测试', '2018-11-01', '2018-11-30', '0', '2018-11-19 10:34:24');

-- ----------------------------
-- Table structure for sms_flash_promotion_log
-- ----------------------------
DROP TABLE IF EXISTS `sms_flash_promotion_log`;
CREATE TABLE `sms_flash_promotion_log` (
  `id` int(11) NOT NULL AUTO_INCREMENT,
  `member_id` int(11) DEFAULT NULL,
  `product_id` bigint(20) DEFAULT NULL,
  `member_phone` varchar(64) DEFAULT NULL,
  `product_name` varchar(100) DEFAULT NULL,
  `subscribe_time` datetime DEFAULT NULL COMMENT '会员订阅时间',
  `send_time` datetime DEFAULT NULL,
  PRIMARY KEY (`id`)
) ENGINE=InnoDB DEFAULT CHARSET=utf8 COMMENT='限时购通知记录';

-- ----------------------------
-- Records of sms_flash_promotion_log
-- ----------------------------

-- ----------------------------
-- Table structure for sms_flash_promotion_product_relation
-- ----------------------------
DROP TABLE IF EXISTS `sms_flash_promotion_product_relation`;
CREATE TABLE `sms_flash_promotion_product_relation` (
  `id` bigint(20) NOT NULL AUTO_INCREMENT COMMENT '编号',
  `flash_promotion_id` bigint(20) DEFAULT NULL,
  `flash_promotion_session_id` bigint(20) DEFAULT NULL COMMENT '编号',
  `product_id` bigint(20) DEFAULT NULL,
  `flash_promotion_price` decimal(10,2) DEFAULT NULL COMMENT '限时购价格',
  `flash_promotion_count` int(11) DEFAULT NULL COMMENT '限时购数量',
  `flash_promotion_limit` int(11) DEFAULT NULL COMMENT '每人限购数量',
  `sort` int(11) DEFAULT NULL COMMENT '排序',
  PRIMARY KEY (`id`)
) ENGINE=InnoDB AUTO_INCREMENT=21 DEFAULT CHARSET=utf8 COMMENT='商品限时购与商品关系表';

-- ----------------------------
-- Records of sms_flash_promotion_product_relation
-- ----------------------------
INSERT INTO `sms_flash_promotion_product_relation` VALUES ('1', '2', '1', '26', '3000.00', '10', '1', '0');
INSERT INTO `sms_flash_promotion_product_relation` VALUES ('2', '2', '1', '27', '2000.00', '10', '1', '20');
INSERT INTO `sms_flash_promotion_product_relation` VALUES ('3', '2', '1', '28', '599.00', '19', '1', '0');
INSERT INTO `sms_flash_promotion_product_relation` VALUES ('4', '2', '1', '29', '4999.00', '10', '1', '100');
INSERT INTO `sms_flash_promotion_product_relation` VALUES ('9', '2', '2', '26', '2999.00', '100', '1', '0');
INSERT INTO `sms_flash_promotion_product_relation` VALUES ('10', '2', '2', '27', null, null, null, null);
INSERT INTO `sms_flash_promotion_product_relation` VALUES ('11', '2', '2', '28', null, null, null, null);
INSERT INTO `sms_flash_promotion_product_relation` VALUES ('12', '2', '2', '29', null, null, null, null);
INSERT INTO `sms_flash_promotion_product_relation` VALUES ('13', '2', '2', '30', null, null, null, null);
INSERT INTO `sms_flash_promotion_product_relation` VALUES ('14', '2', '3', '31', null, null, null, null);
INSERT INTO `sms_flash_promotion_product_relation` VALUES ('15', '2', '3', '32', null, null, null, null);
INSERT INTO `sms_flash_promotion_product_relation` VALUES ('16', '2', '4', '33', null, null, null, null);
INSERT INTO `sms_flash_promotion_product_relation` VALUES ('17', '2', '4', '34', null, null, null, null);
INSERT INTO `sms_flash_promotion_product_relation` VALUES ('18', '2', '5', '36', null, null, null, null);
INSERT INTO `sms_flash_promotion_product_relation` VALUES ('19', '2', '6', '33', null, null, null, null);
INSERT INTO `sms_flash_promotion_product_relation` VALUES ('20', '2', '6', '34', null, null, null, null);

-- ----------------------------
-- Table structure for sms_flash_promotion_session
-- ----------------------------
DROP TABLE IF EXISTS `sms_flash_promotion_session`;
CREATE TABLE `sms_flash_promotion_session` (
  `id` bigint(20) NOT NULL AUTO_INCREMENT COMMENT '编号',
  `name` varchar(200) DEFAULT NULL COMMENT '场次名称',
  `start_time` time DEFAULT NULL COMMENT '每日开始时间',
  `end_time` time DEFAULT NULL COMMENT '每日结束时间',
  `status` int(1) DEFAULT NULL COMMENT '启用状态：0->不启用；1->启用',
  `create_time` datetime DEFAULT NULL COMMENT '创建时间',
  PRIMARY KEY (`id`)
) ENGINE=InnoDB AUTO_INCREMENT=8 DEFAULT CHARSET=utf8 COMMENT='限时购场次表';

-- ----------------------------
-- Records of sms_flash_promotion_session
-- ----------------------------
INSERT INTO `sms_flash_promotion_session` VALUES ('1', '8:00', '08:00:29', '09:00:33', '1', '2018-11-16 13:22:17');
INSERT INTO `sms_flash_promotion_session` VALUES ('2', '10:00', '10:00:33', '11:00:33', '1', '2018-11-16 13:22:34');
INSERT INTO `sms_flash_promotion_session` VALUES ('3', '12:00', '12:00:00', '13:00:22', '1', '2018-11-16 13:22:37');
INSERT INTO `sms_flash_promotion_session` VALUES ('4', '14:00', '14:00:00', '15:00:00', '1', '2018-11-16 13:22:41');
INSERT INTO `sms_flash_promotion_session` VALUES ('5', '16:00', '16:00:00', '17:00:00', '1', '2018-11-16 13:22:45');
INSERT INTO `sms_flash_promotion_session` VALUES ('6', '18:00', '18:00:00', '19:00:00', '1', '2018-11-16 13:21:34');
INSERT INTO `sms_flash_promotion_session` VALUES ('7', '20:00', '20:00:33', '21:00:33', '0', '2018-11-16 13:22:55');

-- ----------------------------
-- Table structure for sms_home_advertise
-- ----------------------------
DROP TABLE IF EXISTS `sms_home_advertise`;
CREATE TABLE `sms_home_advertise` (
  `id` bigint(20) NOT NULL AUTO_INCREMENT,
  `name` varchar(100) DEFAULT NULL,
  `type` int(1) DEFAULT NULL COMMENT '轮播位置：0->PC首页轮播；1->app首页轮播',
  `pic` varchar(500) DEFAULT NULL,
  `start_time` datetime DEFAULT NULL,
  `end_time` datetime DEFAULT NULL,
  `status` int(1) DEFAULT NULL COMMENT '上下线状态：0->下线；1->上线',
  `click_count` int(11) DEFAULT NULL COMMENT '点击数',
  `order_count` int(11) DEFAULT NULL COMMENT '下单数',
  `url` varchar(500) DEFAULT NULL COMMENT '链接地址',
  `note` varchar(500) DEFAULT NULL COMMENT '备注',
  `sort` int(11) DEFAULT '0' COMMENT '排序',
  PRIMARY KEY (`id`)
) ENGINE=InnoDB AUTO_INCREMENT=12 DEFAULT CHARSET=utf8 COMMENT='首页轮播广告表';

-- ----------------------------
-- Records of sms_home_advertise
-- ----------------------------
INSERT INTO `sms_home_advertise` VALUES ('2', '夏季大热促销', '1', 'http://macro-oss.oss-cn-shenzhen.aliyuncs.com/mall/images/20180615/xiaomi.jpg', '2018-11-01 14:01:37', '2018-11-15 14:01:37', '1', '0', '0', null, '夏季大热促销', '0');
INSERT INTO `sms_home_advertise` VALUES ('3', '夏季大热促销1', '1', 'http://macro-oss.oss-cn-shenzhen.aliyuncs.com/mall/images/20180607/5ac1bf58Ndefaac16.jpg', '2018-11-13 14:01:37', '2018-11-13 14:01:37', '0', '0', '0', null, '夏季大热促销1', '0');
INSERT INTO `sms_home_advertise` VALUES ('4', '夏季大热促销2', '1', 'http://macro-oss.oss-cn-shenzhen.aliyuncs.com/mall/images/20180615/5a9d248cN071f4959.jpg', '2018-11-13 14:01:37', '2018-11-13 14:01:37', '1', '0', '0', null, '夏季大热促销2', '0');
INSERT INTO `sms_home_advertise` VALUES ('9', '电影推荐广告', '1', 'http://macro-oss.oss-cn-shenzhen.aliyuncs.com/mall/images/20181113/movie_ad.jpg', '2018-11-01 00:00:00', '2018-11-24 00:00:00', '1', '0', '0', 'www.baidu.com', '电影推荐广告', '100');
INSERT INTO `sms_home_advertise` VALUES ('10', '汽车促销广告', '1', 'http://macro-oss.oss-cn-shenzhen.aliyuncs.com/mall/images/20181113/car_ad.jpg', '2018-11-13 00:00:00', '2018-11-24 00:00:00', '1', '0', '0', 'xxx', null, '99');
INSERT INTO `sms_home_advertise` VALUES ('11', '汽车推荐广告', '1', 'http://macro-oss.oss-cn-shenzhen.aliyuncs.com/mall/images/20181113/car_ad2.jpg', '2018-11-13 00:00:00', '2018-11-30 00:00:00', '1', '0', '0', 'xxx', null, '98');

-- ----------------------------
-- Table structure for sms_home_brand
-- ----------------------------
DROP TABLE IF EXISTS `sms_home_brand`;
CREATE TABLE `sms_home_brand` (
  `id` bigint(20) NOT NULL AUTO_INCREMENT,
  `brand_id` bigint(20) DEFAULT NULL,
  `brand_name` varchar(64) DEFAULT NULL,
  `recommend_status` int(1) DEFAULT NULL,
  `sort` int(11) DEFAULT NULL,
  PRIMARY KEY (`id`)
) ENGINE=InnoDB AUTO_INCREMENT=40 DEFAULT CHARSET=utf8 COMMENT='首页推荐品牌表';

-- ----------------------------
-- Records of sms_home_brand
-- ----------------------------
INSERT INTO `sms_home_brand` VALUES ('1', '1', '万和', '1', '200');
INSERT INTO `sms_home_brand` VALUES ('2', '2', '三星', '1', '0');
INSERT INTO `sms_home_brand` VALUES ('6', '6', '小米', '1', '300');
INSERT INTO `sms_home_brand` VALUES ('8', '5', '方太', '1', '100');
INSERT INTO `sms_home_brand` VALUES ('31', '49', '七匹狼', '0', '0');
INSERT INTO `sms_home_brand` VALUES ('32', '50', '海澜之家', '1', '0');
INSERT INTO `sms_home_brand` VALUES ('33', '51', '苹果', '1', '0');
INSERT INTO `sms_home_brand` VALUES ('34', '2', '三星', '0', '0');
INSERT INTO `sms_home_brand` VALUES ('35', '3', '华为', '1', '0');
INSERT INTO `sms_home_brand` VALUES ('36', '4', '格力', '1', '0');
INSERT INTO `sms_home_brand` VALUES ('37', '5', '方太', '1', '0');
INSERT INTO `sms_home_brand` VALUES ('38', '1', '万和', '1', '0');
INSERT INTO `sms_home_brand` VALUES ('39', '21', 'OPPO', '1', '0');

-- ----------------------------
-- Table structure for sms_home_new_product
-- ----------------------------
DROP TABLE IF EXISTS `sms_home_new_product`;
CREATE TABLE `sms_home_new_product` (
  `id` bigint(20) NOT NULL AUTO_INCREMENT,
  `product_id` bigint(20) DEFAULT NULL,
  `product_name` varchar(64) DEFAULT NULL,
  `recommend_status` int(1) DEFAULT NULL,
  `sort` int(1) DEFAULT NULL,
  PRIMARY KEY (`id`)
) ENGINE=InnoDB AUTO_INCREMENT=13 DEFAULT CHARSET=utf8 COMMENT='新鲜好物表';

-- ----------------------------
-- Records of sms_home_new_product
-- ----------------------------
INSERT INTO `sms_home_new_product` VALUES ('2', '27', '小米8 全面屏游戏智能手机 6GB+64GB 黑色 全网通4G 双卡双待', '1', '200');
INSERT INTO `sms_home_new_product` VALUES ('8', '26', '华为 HUAWEI P20 ', '0', '0');
INSERT INTO `sms_home_new_product` VALUES ('9', '27', '小米8 全面屏游戏智能手机 6GB+64GB 黑色 全网通4G 双卡双待', '1', '0');
INSERT INTO `sms_home_new_product` VALUES ('10', '28', '小米 红米5A 全网通版 3GB+32GB 香槟金 移动联通电信4G手机 双卡双待', '1', '0');
INSERT INTO `sms_home_new_product` VALUES ('11', '29', 'Apple iPhone 8 Plus 64GB 红色特别版 移动联通电信4G手机', '1', '0');
INSERT INTO `sms_home_new_product` VALUES ('12', '30', 'HLA海澜之家简约动物印花短袖T恤', '1', '0');

-- ----------------------------
-- Table structure for sms_home_recommend_product
-- ----------------------------
DROP TABLE IF EXISTS `sms_home_recommend_product`;
CREATE TABLE `sms_home_recommend_product` (
  `id` bigint(20) NOT NULL AUTO_INCREMENT,
  `product_id` bigint(20) DEFAULT NULL,
  `product_name` varchar(64) DEFAULT NULL,
  `recommend_status` int(1) DEFAULT NULL,
  `sort` int(1) DEFAULT NULL,
  PRIMARY KEY (`id`)
) ENGINE=InnoDB AUTO_INCREMENT=8 DEFAULT CHARSET=utf8 COMMENT='人气推荐商品表';

-- ----------------------------
-- Records of sms_home_recommend_product
-- ----------------------------
INSERT INTO `sms_home_recommend_product` VALUES ('3', '26', '华为 HUAWEI P20 ', '1', '0');
INSERT INTO `sms_home_recommend_product` VALUES ('4', '27', '小米8 全面屏游戏智能手机 6GB+64GB 黑色 全网通4G 双卡双待', '1', '0');
INSERT INTO `sms_home_recommend_product` VALUES ('5', '28', '小米 红米5A 全网通版 3GB+32GB 香槟金 移动联通电信4G手机 双卡双待', '1', '0');
INSERT INTO `sms_home_recommend_product` VALUES ('6', '29', 'Apple iPhone 8 Plus 64GB 红色特别版 移动联通电信4G手机', '1', '0');
INSERT INTO `sms_home_recommend_product` VALUES ('7', '30', 'HLA海澜之家简约动物印花短袖T恤', '1', '100');

-- ----------------------------
-- Table structure for sms_home_recommend_subject
-- ----------------------------
DROP TABLE IF EXISTS `sms_home_recommend_subject`;
CREATE TABLE `sms_home_recommend_subject` (
  `id` bigint(20) NOT NULL AUTO_INCREMENT,
  `subject_id` bigint(20) DEFAULT NULL,
  `subject_name` varchar(64) DEFAULT NULL,
  `recommend_status` int(1) DEFAULT NULL,
  `sort` int(11) DEFAULT NULL,
  PRIMARY KEY (`id`)
) ENGINE=InnoDB AUTO_INCREMENT=20 DEFAULT CHARSET=utf8 COMMENT='首页推荐专题表';

-- ----------------------------
-- Records of sms_home_recommend_subject
-- ----------------------------
INSERT INTO `sms_home_recommend_subject` VALUES ('14', '1', 'polo衬衫的也时尚', '1', '0');
INSERT INTO `sms_home_recommend_subject` VALUES ('15', '2', '大牌手机低价秒', '1', '0');
INSERT INTO `sms_home_recommend_subject` VALUES ('16', '3', '晓龙845新品上市', '1', '0');
INSERT INTO `sms_home_recommend_subject` VALUES ('17', '4', '夏天应该穿什么', '1', '0');
INSERT INTO `sms_home_recommend_subject` VALUES ('18', '5', '夏季精选', '1', '100');
INSERT INTO `sms_home_recommend_subject` VALUES ('19', '6', '品牌手机降价', '1', '0');
